BerkerGüven, CemNed
PSA, coronavirus
PSA, SARS_COV_2
PSA, SARSCoV2
PSA, Covid_19
PSA, COVID19
CruzWatermelon, Megacy
LoveYouMoreLay, SteveAokixLayZhang
EmergencyUBI, DementiaJoe
EmergencyUBI, M4A
JaiJagannath, ShreeMandir
LockdownLondon, coronavirus
dolphins, Venice
UMMC, COVID19
IndiaFightsCorona, COVID19
JantarMantar, DelhiGangRape
planning, regeneration
planning, coastalchange
coronavirus, unpaidcarers
Venezuela, COVID19
coronavirus, Turkey
COVID19, COVID19
China, virus
China, COVID19
China, Canadian
China, Canada
COVID19, resist
BernieSanders, JoeBiden
수호, SUHO
수호, 엑소
수호, EXO
instagramstories, ilvolo
instagramstories, music
instagramstories, italy
Petta, HBDKarthikSubbaraj
Jungkook, 100AsianHeartthrobs2020
HamOnt, COVID19
BTS, 방탄소년단
BTS, MAP_OF_THE_SOUL_7
BTS, BlackSwan
COVID19, resist
vmin, vminfanart
MadeInDreams, PS4share
MadeInDreams, ps4dreams
SUHOARCHIVE20, SUHO_STORY
SUHOARCHIVE20, SUHO
SUHOARCHIVE20, 수호
SUHOARCHIVE20, SELF_PORTRAIT
COVID19, resist
JustIn, MPGovtCrisis
coronaupdate, Covid19
MBBFightForMonstaX7, 싸움은_안끝났어
scammer, scammed
BTS, 방탄소년단
coronavirus, Windrush
staysafe, COVID19
staysafe, coronavirus
Covid_19, ChrisEvans
EmergencyUBI, DementiaJoe
EmergencyUBI, M4A
guasha, skincare
guasha, selfcare
Vikings, Bills
Yemen, CulturalProperty
Yemen, CPACommittee
MSM, ChinaLiedPeopleDied
MSM, WuhanVirus
ABDL, Diaperpup
Arctic, MOOC
KiswahiliKitukuzwe, Gengetone
KiswahiliKitukuzwe, AdoVeliPodcast
ShehnaazEdits, ShehnaazGill
ShehnaazEdits, BhulaDungaOnMarch24
LoseYouToLoveMe, BestLyrics
수호, SUHO
수호, 엑소
수호, EXO
shadowban, SleepyJoe
quarantine, Barcelona
quarantine, neighborhood
BTS, 방탄소년단
BTS, MAP_OF_THE_SOUL_7
Maury, COVID19
Maury, JerrySpringer
COVID19Zim, COVID19
JanataCurfew, IndiaFightsCorona
Loki, Loki
Loki, Avengers
nowplaying, w4wnradio
SyrianIntel, GangstaJihad
Vegas, Barstow
수호, SUHO
수호, 엑소
수호, EXO
수호, weareoneEXO
수호, 자화상
수호, Self_Portrait
수호, 사랑하자
수호, LetsLove
AsiManshi, SohniHimanshi
AsiManshi, SohniHimanshi
AsiManshi, KallaSohnaNai
COVID19, CDC
EveningGroove, ThrowBackThursday
EveningGroove, March4Life
CoronaPandemic, Capitalism
CoronaPandemic, Solidarity
KillThisLove, FaveChoreography
KillThisLove, iHeartAwards
savetheworkers, coronavirus
savetheworkers, ThursdayMotivation
rockmusic, musicvideo
rockmusic, ArtistRack
rockmusic, musicblog
rockmusic, RockBand
thinkoutsidetheboxthursday, firstgraderocks
WhiteHouse, Trump
KillShot, FakeNews
CoronaPandemic, Capitalism
CoronaPandemic, Solidarity
NHS, Covid_19
NHS, CoronaVirusUpdate
Covid19SA, QuarentineLife
Canteen, Store
IndiaFightsCorona, COVID19
Colts, Baltimore
Colts, NFL
Colts, 1950s
Colts, 1960s
PeopleVsPelosi, PeopleVsSchumer
JantaCurfew, Sunday
aberdeenshire, moray
BruceWillis, RecordoftheDay
Coronavirus, COVID19tr
staysafe, COVID19
staysafe, coronavirus
exclusive, ogn
NHS, Covid_19
NHS, CoronaVirusUpdate
Poll, coronavirus
Lockdown, Kashmiris
ibuprofen, COVID19
수호, SUHO
수호, 엑소
수호, EXO
수호, weareoneEXO
수호, 자화상
수호, Self_Portrait
수호, 사랑하자
수호, LetsLove
StayHome, COVID19mexico
StayHome, learn
beer, food
beer, BuffBrew
जनता_कर्फ्यू, JanataCurfew
anglicantt, lent
MBBFightForMonstaX7, 싸움은_안끝났어
Bills, Chargers
NXTUK, Gallus
COVID2019, COVID19
الغاء_الترم_الثاني, نجاح_جميع_الطلاب
الغاء_الترم_الثاني, حياتنا_اهم_من_التعليم
الغاء_الترم_الثاني, Cancel_the_second_term
الغاء_الترم_الثاني, cancel_the_second_smester
BIGPARONLINE, BigOnlinePar
NowPlaying, OutcrossRadio
BREAKING, COVID19
COVID2019, COVID19
COVID19, coronavirus
FightsCorona, LatestNews
FightsCorona, 52NewsHD
BiggBoss13, SidharthShukla
BiggBoss13, SidHearts
JaiJagannath, ShreeMandir
CoronaVirus, JantaCurfew
Surveillance, DataExploitation
Surveillance, Misinformation
Adobe, Windows
ApexLegends, Bloodhound
corona, outbteak
FORAFASCISTAS, panelaco18M
COVID19, SocialDistancing
Coronavirus, COVID19tr
jjba, giornogiovanna
jjba, ventoaureo
ANKARA, coronavirus
ANKARA, Turkey
ANKARA, COVID19
PeopleVsPelosi, PeopleVsSchumer
CoronaVirusFacts, DatosCoronaVirus
ON, MAP_OF_THE_SOUL_7
BLUE, SUGAR
BLUE, BulldogPuppies
BLUE, Slough
coronavirus, StayAtHome
coronavirus, malaysiacovid19
coronavirus, day2
Days, JohnsonBrothers
Days, JnJ
Days, Stayla
BhulaDungaOnMarch24, ShehnaazGill
COVID19, CoronaVirusUpdate
COVID19, coronavirus
COVID19, Convid19uk
btsfanart, bts
btsfanart, namgi
BhulaDungaOnMarch24, SidNaaz
Europe1, inxs
STAYwithHyunjinForever, HappyHyunjinDay
STAYwithHyunjinForever, 현진이의_매순간에_스테이
SpecialReport, WallStreet
SpecialReport, NEWS
jantacurfew, COVID2019
Putin, US
FreePalestine, BDS
EmergencyUBI, DementiaJoe
EmergencyUBI, M4A
TrumpToTheRescue, JoeBiden
BREAKING, Italy
BREAKING, China
RICH, HungerVirus
HOMEcoming, NetflixAndStayStill
CoronavirusinSA, Covid19inSA
OCCOVID19, COVID19
Briefing_COVID19, UKGoverment
data, BigData
data, Analytics
수호, SUHO
수호, 엑소
수호, EXO
nltraffic, newfoundland
BREAKING, PM
diasporaplan, COVID19NIGERIA
diasporaplan, DoYourPart
diasporaplan, pandemic
Somaliland, SafeHandsChallenge
BREAKING, COVID19
US, ThisIsAmerica
US, DownTrump2020
COVID19, pandemic
KillThisLove, BestMusicVideo
Jungkook, Euphoria
Jungkook, 정국
Jungkook, BTS
NCC_GatPark, xcski
LOC, LibraryOfCongress
LOC, DistanceLearning
Islam, humanity
BLUE, SUGAR
BLUE, BulldogPuppies
BLUE, Slough
CoronaVirus, JantaCurfew
AutomationSeries, M2M
AutomationSeries, automation
PiccadillyCircus, GhostTown
JohnnyDepp, AmberHeard
VicariousVacation, Lucerne
KBR, WHM2020
CoronaVirus, JantaCurfew
KallaSohnaNai, SohnaAsim
KallaSohnaNai, SohniHimanshi
MBBFightForMonstaX7, 싸움은_안끝났어
COVID19, Africa
Marketing, socialmedia
Marketing, digitalmarketing
Marketing, onlinemarketing
Marketing, business
Marketing, marketingtips
Marketing, seo
Marketing, onlinebusiness
RandomThingsTours, TheForeverHouse
StayAtHomeChallenge, NFFC
BLACKPINK, BLINKS
COVID19, PANDEMIC
COVID19, HOAX
THFC, COYS
Procreate, GaloThymos
Procreate, Promare
라이관린, 賴冠霖
라이관린, LAIKUANLIN
JENNIE, 제니
JENNIE, BLACKPINK
coronavirus, NextGenIA
kookv, taekookfanart
BhulaDungaOn24thMarch, DirectorPunit
AnimalCrossing, ACNH
Istanbul, COVID19tr
FreyaAllan, Ciri
FreyaAllan, TheWitcher
CoronaPandemic, Capitalism
CoronaPandemic, Solidarity
MyTown, ButterflyFarm
MyTown, SocialDistancing
ibuprofen, COVID19
RichardBransonIsAWankerDay, RichardBransonIsAWankerDay
coronavirus, business
Marx, MondayMotivation
PinkFloyd, LaterYears
COVID19, coronavirus
ChinaShouldApologize, ChinaWuhanVirus
ChinaShouldApologize, COVID19
safety, since1915
safety, CVElegacy
safety, CVEquality
ᵗʳᵘᵐᵖ2020, TᗴᗩᗰTᖇᑌᗰᑭ
BleedBlue, ComeTogether
BleedBlue, SayNoToCoronaVirus
UFO, Aliens
UFO, OVNI
Coronavirus, India
Bubonic, Plague
kca, VoteArianaGrande
Venezuela, COVID19
pandemic, panicbuying
pandemic, COVID19
MusicBank, NCT127
MusicBank, KickIt
MusicBank, kpop
OANN, COVID
gdjb, communityinisolation
PussInBoots, FolkloreThursday
PussInBoots, folktales
PussInBoots, fairytales
foldingathome, foldingforCoVID19
Aunty, Abuja
Aunty, COVID19
Aunty, mercy
OnePager, COVID19
Sidhearts, SidNaaz
fantasy, paranormal
memes, technology
PlayStation5, Geeksandgamers
pandemic, 武汉起义
pandemic, 武汉肺炎
pandemic, 武汉加油
pandemic, COVID19
pandemic, COVIDー19
pandemic, hydroxychloroquine
pandemic, Malaria
shalika, the
shalika, master
수호, SUHO
수호, 엑소
수호, EXO
수호, weareoneEXO
수호, 자화상
수호, Self_Portrait
수호, 사랑하자
수호, LetsLove
CruiseShip, PortofLA
CCPVirus, WHO
database, cloud
BTSARMY, BTSCarpool
COVID19, HIV
NP, TOMORROW
NP, GoodMorningNigeriaShow
NP, TheBIGOne
CoronaVirus, bordercontrols
COVID19, comfortfood
WomensHistoryMonth, USSPACECOM
Windrush, UKHomeOffice
Windrush, RacistTories
NCSEN, NCpol
doctorwho, Drwho
WereYouAware, CrewDragon
WereYouAware, coronavirus
COVID19, CHWs
webradio, RockAnglais
AishaBuhari, CoronaVirusUpdate
KungFlu, WuhanVirus
Liason, GH
ChinaVirusShutdown, Quarantine
sqps, birds
NFL, AFCEast
coronavirus, China
수호, SUHO
수호, 엑소
수호, EXO
Lanham, mdtraffic
Lanham, dctraffic
Segregated, CycleTrack
Segregated, TempleMillsLaneE10
US, ThisIsAmerica
US, DownTrump2020
BTS, 방탄소년단
BTS, MAP_OF_THE_SOUL_7
Pakistan, CoronaVirusPakistan
DefenceTeam, Covid19
Now, Audible
Now, Retweet
Now, marketing
Now, art
Now, breaking
Now, sale
Now, crime
SidHearts, BhulaDunga
ModernWarfare, Warzone
ZeePruk, ZunShine
BunnyTheDog, BedShifter
WomensHistoryMonth, USSPACECOM
SouthKorea, COVID19
teamCNO, COVID19
privacy, smartcontracts
privacy, blockchain
privacy, qtum
CatsOfTwitter, ThursdayThoughts
video, free
video, k12
BhulaDungaOnMarch24, ShehnaazGill
Coronavirus, COVID19tr
StayHomeForUs, firstresponders
StayHomeForUs, EMS
StayHomeForUs, Police
COVID19Lagos, COVID19
wsn, wvsn
wsn, iot
wsn, raspberrypi
firstdayofspring, QuarentineLife
Guildford, Surrey
RelishaRudd, BlackGirlMissing
SelfIsolation, Quarentine
SelfIsolation, SocialDistance
SelfIsolation, GIN
Coronavirus, AlexJonesShow
Coronavirus, COVID19
restaurant, smallbusiness
restaurant, franchise
restaurant, stayhealthy
restaurant, coronavirus
Chloroquine, CoronaVirus
coronavirus, MAGA
BhulaDungaOnMarch24, JuntaCurfew
wetsuwetenstrong, Wetsuweten
wetsuwetenstrong, HandsOffTyendinaga
corona, immigratie
OCCOVID19, COVID19
mdhdailybrief, CoronavirusMN
Chloroquine, COVID19
Zakharova, Russian
Zakharova, Turkish
Zakharova, Idlib
COVID19, COVID
COVID19, coronavirus
COVID19, CoronaVirusUpdate
Italy, Coronavirus
Italy, mess
Italy, kill
MBBFightForMonstaX7, 싸움은_안끝났어
Cleantech, energy
Cleantech, hydrogen
KallaSohnaNai, AsimRiaz
NYC, COVID19
NYC, UK
KCA, Vote7Rings
BTS, 방탄소년단
BTS, MAP_OF_THE_SOUL_7
BTS, Ego
HealthCareHeroes, PAhospitals
HealthCareHeroes, COVID19
XiJinping, coronavirus
SelfIsolation, TheRaggedTrouseredPhilanthropist
BloomWhereUR, TBT
COVID19, economy
CoronavirusinSA, Covid19inSA
CoronavirusinSA, CoronavirusSA
selfquarantine, furbaby
selfquarantine, dogmom
selfquarantine, parenting
IndiaFightsCorona, COVID19
COVID19, coronavirus
COVID19, StayHomeSaveLives
Afterburner, Guardians
COVID19, pandemic
COVID19, news
KillThisLove, BestMusicVideo
KillThisLove, iHeartAwards
TheChineseVirus, WuhanVirus
Boredom, entertainment
LockdownLondon, coronavirus
TNReady, coronavirus
BTS, 방탄소년단
BTS, MAP_OF_THE_SOUL_7
Coronafighters, Wuhan
Coronafighters, ChinaVirus
TogetherWeCan, PYOCares
CRISPR, GeneEditing
COVID19, Selfisolate
Indianapolis, Sales
TrumpToTheRescue, JoeBiden
coronavirus, survey
SomosCuba, SomosContinuidad
HealthWelfare, Peabody
MAGA, WhereAreTheCOVID19Tests
ThursdayThoughts, JokeoftheDay
ThursdayThoughts, COVID19
withGalaxy, SAMSUNGxBTS
withGalaxy, BTS
withGalaxy, 방탄소년단
HongKong, StandwithHK
HongKong, DemocracyforHK
재민, 나재민
재민, NCT_DREAM
재민, JAEMIN
Quarantine, COVID19
Quarantine, quarantinedogs
USAF, Spirit
수호, SUHO
수호, 엑소
수호, EXO
Fredo, coronavirus
BreakingNews, coronavirus
COVID19, coronavirus
cauliflowerpizzacrust, pandemic
cauliflowerpizzacrust, dadlife
cauliflowerpizzacrust, gaydad
Istanbul, COVID19tr
CoronaVirus, JantaCurfew
parents, COVID19
RevdClaireLording, PershoreAbbey
romantic, Free
Corona, Sanders
Corona, Trump
Repost, repost
BillieEilish, DuaLipa
BillieEilish, Halsey
BillieEilish, DemiLovato
Water, ClimateChange
keralamodel, Covid19India
SafeHands, WorldWaterDay
SafeHands, COVID19
DemCast, VoteByMail
SlowTheSpread, COVID19
HUAWEI, P40Pro
IRGC, Iran
IRGC, coronavirus
mcdonalds, drivethruchronicles
mcdonalds, drivethru
jantacurfew, COVID2019
California, China
StayAtHomeChallenge, NFFC
HCTPS, Turku
HCTPS, suomi
HCTPS, Finland
socialdistancing, coronavirus
수호, SUHO
수호, 엑소
수호, EXO
수호, weareoneEXO
수호, 자화상
수호, Self_Portrait
수호, 사랑하자
수호, LetsLove
BREAKING, JusticeForNirbhaya
authors, historical
DukeofSussex, InvictusGames
COVID19, justisolateyourself
US, ThisIsAmerica
US, DownTrump2020
10000Hours, BESTLYRICS
10000Hours, iHeartAwards
FirstDayOfSpring, FFXIV
Google, Biden
Google, primaries
Antibiotics, colds
Antibiotics, flu
PeopleVsPelosi, PeopleVsSchumer
IStandWithGreece, Greece_under_attack
KCA, VoteBTS
Hercai, EbruŞahin
Hercai, AkınAkınözü
Hercai, ReyMir
Hercai, Miran
Hercai, Reyyan
Jisoo, BLACKPINK
Jisoo, FirstDayOfSpring
Biomass, Boiler
Biomass, BehindtheScenes
Biomass, Engineering
BTSARMY, BestFanArmy
BTSARMY, iHeartAwards
BiggBoss, SidNaaz
WindrushScandal, HostileEnvironment
OANN, PressBriefing
COVID19, pandemic
planet, GlobalRecyclingDay2020
BhulaDungaOnMarch24, SidharthShukIa
WhereisDrFauci, DoctorFauci
FlattenTheCurve, coronavirus
COVID19, resist
COVID19, resist
Somaliland, Somalia
Somaliland, Hargeisa
Somaliland, Mogadishu
TheDayInHistory, BabasahebAmbedkar
TheDayInHistory, MahadSatyagraha
mechanic, forkliftrepair
smallstreamer, britishstreamer
smallstreamer, streamer
smallstreamer, twitch
LockdownLondon, CoronaVirusUpdate
art, culture
art, travel
art, Egypt
westcdnag, cdnag
Catalonia, Spanish
CertifiedFresh, Tomatometer
CertifiedFresh, TheInvisibleMan
CoronaVirus, JantaCurfew
StayAtHomeChallenge, CoronaInPakistan
ThinSectionThursday, lpsc2020
TheGreatAwakening, DNAactivation
TheGreatAwakening, 5D
uklockdown, lockdownlondon
5YearsWithRMixtape, 3YearsOfChange
LittleBlackStar, JFCAvrilLavigne
JethroTull, progrock
panicshopping, panicbuying
panicshopping, basketsonly
Shincheonji, coronavirus
spx, spx500
ThursdayThoughts, RepublicanSocialism
COYB, StaySafeStayHome
Bills, Chargers
EmergencyUBI, DementiaJoe
EmergencyUBI, M4A
jantacurfew, unseenheros
pandemic, Bernie
TrumpLiesPeopleDie, JustTheFacts
TrumpLiesPeopleDie, COVID19
AutomationSeries, M2M
AutomationSeries, automation
COVID19, Europe
FreedomOfSpeech, WakeUp
FreedomOfSpeech, Gaming
FreedomOfSpeech, GW2
COVID19, NHS
2getherTheSeries, brightwin
Quotes, LifeQuotes
Quotes, InspirationalQuotes
coronavirus, COVID19
100DaysOfCode, laravel
100DaysOfCode, js
Eritrea, Ethiopia
Cazzie, Avalance
ESP, EventoTT
ESP, FlorecerBelicoso
ESP, ENG
ESP, TT
NCSoft, ArenaNet
Coronavirus, COVID19
Panther, Panther
MAGA, WhereAreTheCOVID19Tests
MAGA, COVID19
SidHearts, Shehnaazians
PartTimePrimeMinister, coronavirus
ChineseVirus, AmericanVirus
ChineseVirus, WorstPresidentInHistory
수호, SUHO
수호, 엑소
수호, EXO
Bills, Chargers
Iran, coronavirus
CoronaVirusUpdate, coronavirus
CoronaVirusUpdate, CoronavirusPandemic
PlayStation5, Geeksandgamers
spreadthehappiness, SpreadCalmNotFear
spreadthehappiness, SocialDistanacing
spreadthehappiness, SocialDistancingNow
coronavirus, CoronavirusOutbreak
coronavirus, coronapocolypse
coronavirus, COVID
TheCuteststar, SidHearts
democrats, coronavirus
NHS, Covid_19
NHS, CoronaVirusUpdate
수호, SUHO
수호, 엑소
수호, EXO
coronavirus, SelfDistancing
TheGreatGardeningGiveaway, giveaway
Surveillance, DataExploitation
Surveillance, Misinformation
Superstar, Rajinikanth
Superstar, CoronaVirus
EverydayEnchantments, IARTG
EverydayEnchantments, ian1
EverydayEnchantments, amreading
EverydayEnchantments, pagan
IndiaFightsCorona, COVID19
수호, SUHO
수호, 엑소
수호, EXO
수호, SUHO
수호, 엑소
수호, EXO
수호, weareoneEXO
수호, 자화상
수호, Self_Portrait
수호, 사랑하자
수호, LetsLove
DukeofSussex, InvictusGames
Covid19, StaySafeStayHome
smallbusinesses, SmallBizEdgeChat
Istanbul, Dublin
dwdd, troostv
ECN, Forex
Wuhan, ActNow
Wuhan, CoronavirusOutbreakindia
Wuhan, COVID2019india
COVID19, NYS
BhulaDungaOnMarch24, ShehnaazGiII
COVID19, CoronaVirusSA
twitchaffiliate, twitchstream
twitchaffiliate, SupportSmallStreamers
twitchaffiliate, SmallStreamerCommunity
GCP, Azure
VoteForHudson, CoronaVirusUpdate
VoteForHudson, coronavirus
VoteForHudson, COVID19
RADWIMPS, 野田洋次郎
KCA, VoteDoveCameron
Violator, DepecheMode
Victoria, Nanaimo
BoycottTarget, ChrissyTeigen
TBT, ISEPTAPHILLY
TBT, RouteoftheWeek
lethalleague, lethalleagueblaze
AZCardinals, Falcons
100DaysOfCode, laravel
100DaysOfCode, js
BristolPeopleCare, COVID19
QuantumEntanglement, Oneness
vegan, StayAtHomeChallenge
Coronavirus, research
Coronavirus, where
Coronavirus, work
Coronavirus, remotely
KCA, VoteBTSGlobal
quarantine, Spain
quarantine, Coronavirusspain
quarantine, SpainCoronaVirus
GERHARDRICHTER, safetyfirst
AsiManshi, KallaSohnaNai
Ahmedabad, IndiaFightsCorona
Ahmedabad, CoronaVirusUpdate
JaiJagannath, ShreeMandir
netflix, Brexit
vegas, coronavirus
vegas, tourism
COVID19, CoronavirusOutbreakindia
Lockdown, Spain
Lockdown, dog
LoveYouMoreLay, SteveAokixLayZhang
photography, rural
photography, sonyalpha
photography, water
photography, africa
photography, ghana
OnePager, COVID19
skincare, beautycare
skincare, ayurveda
skincare, tnw
TwitterOfTime, WheelOfTime
STAYwithHyunjinForever, 현진이의_매순간에_스테이
STAYwithHyunjinForever, HappyHyunjinDay
IndiaFightsCorona, COVID19
IDTwitter, PalliativeCare
WeArePiper, D100Inspires
MadhyaPradeshPoliticalCrisis, Bhopal
COVID19, dataviz
COVID19, resist
furryart, furryfandom
furryart, artist
furryart, artistsontwitter
WhateverItTakes, workingfromhomewithkids
CoronavirusinSA, Covid19inSA
KillThisLove, BestMusicVideo
KillThisLove, iHeartAwards
MBBFightForMonstaX7, 싸움은_안끝났어
ThrowbackThursday, LexusRCF
Italy, COVID19
NancyPelosi, Coronavirus
NancyPelosi, Abortion
COVID19, payback
KOF, SNK
KOF, ユリコタイガー
Pelosi, Schumer
spring, Flowers
COVID19, ChinaVirus
Lento, NADA
KHive, ilovekamala
KHive, GavinNewsom
KHive, andrewcuomo
abonielong, nielong
abonielong, เนียลอง
abonielong, เนียลองฟิค
abonielong, ฟิคเนียลอง
tgcf, 谢怜
tgcf, 君吾
tgcf, 天官赐福
WVREDI, HealthDepartment
RealMoneyTalk, Sweepstakes
EmergencyUBI, DementiaJoe
EmergencyUBI, M4A
수호, SUHO
수호, 엑소
수호, EXO
ibuprofen, COVID19
coronavirusscam, COVID19
etsy, women
CoronaVirus, COVID19
KamenRider, tokusatsu
Fact, AajKiGyan
NCT, NCTDREAM
NCT, THE_DREAM_TOUR
NCT, THE_DREAM_SHOW
최산, 에이티즈
최산, ATEEZfanart
AZCardinals, Falcons
SelfIsolation, TheRaggedTrouseredPhilanthropist
geode, rocks
geode, blue
geode, ornaments
geode, photography
geode, flashphotography
Wuhanvirus, Chinesevirus
CoronavirusinSA, Covid19inSA
POTUS, Q
Quarantine, Realness
Quarantine, ThePurge
MentalCaseAtTheMoment, BeInfected
COVID19, CoronaVirusUpdate
ttot, california
ttot, sanfrancisco
CertifiedNursesDay, nurses
April15, July15
Cats, RazzieAwards
수호, SUHO
수호, 엑소
수호, EXO
CoronaPandemic, Capitalism
CoronaPandemic, Solidarity
AnimalCrossing, Joker
AnimalCrossing, Batman
NBA, 2KSim
FLY, LEAK
FLY, UPDATE
FLY, PHANTASIALAND
수호, SUHO
수호, 엑소
수호, EXO
COVID19, Italy
수호, SUHO
수호, 엑소
수호, EXO
savinglives, messiah
spreaker, podcast
spreaker, horror
Lento, NADA
News, NASA
News, string
DarlingPrabhas, Prabhas
DarlingPrabhas, ThrowbackThursday
coronavirus, CoronavirusOutbreak
BloomWhereUR, TBT
CoronaVirus, JantaCurfew
TrumpPandemic, TrumpLiedPeopleDied
CAAACC, COVID19
CoronaVirus, JantaCurfew
수호, SUHO
수호, 엑소
수호, EXO
TrumpVirus, TrumpPandemic
TrumpVirus, TrumpLiedPeopleDied
RoadTo10WithALDEN, ALDENRichards
signficantfigures, dimension20
signficantfigures, fantasyhigh
수호, SUHO
수호, 엑소
수호, EXO
WomensHistory, Oscars
AnimalCrossing, Doom
AnimalCrossing, AnimalCrossingNewHorizons
NBA, NBATwitter
EbonyBabes, WebCamGirl
pinball, retrogaming
pinball, retro
media, press
COVID19, Selfisolate
WestJordan, Utah
WestJordan, SaltLakeCity
WestJordan, AfterShock
WestJordan, earthquakeutah
COVID19, coronavirus
HANANENE, jshk
HANANENE, tbhk
HANANENE, hanakokun
HANANENE, neneyashiro
HANANENE, yugiamane
JordansViewExpress, Coronavirus
SocialDistancing, FlattenTheCurve
CoronavirusInSA, CoronaVirusSA
CoronavirusInSA, Coronavirussouthafrica
CoronavirusInSA, CoronaVirusChallenge
COVID19tr, coronavirus
BREAKING, Trump
BhulaDungaOnMarch24, ShehnaazGiII
WuhanOutbreak, CCP
Libros, Ordenadores
ESA, ClimateChange
Presidementia, MalignantEnabling
Presidementia, TrumpNotFitForOffice
수호, SUHO
수호, 엑소
수호, EXO
Facebook, grant
Facebook, coronavirus
AU, ECOWS
loona, loonafanart
loona, haseul
loona, 이달의소녀
loona, 하스
loona, art
Oil, Putin
Oil, Saudis
Oil, OPEC
DidYouKnow, Windows10
DidYouKnow, security
DidYouKnow, privacy
forex, centralbanks
COVID19, Selfisolate
dinner, goodfood
FAKENEWS, PRESIDENTTRUMP
FAKENEWS, NotSureIf
celebrities, socialdistance
celebrities, COVID19
GERHARDRICHTER, safetyfirst
spartanspirit, spartanlegacy
ChineseVirus, blamechina
100DaysOfCode, laravel
100DaysOfCode, js
swamp, coronavirus
gin, ginandtonic
EXO, Chen
BTS, SEJEONG
BTS, NCT127
teamGB, worktogether
teamGB, commongoal
teamGB, retweet
Pakistan, coronavirus
BhulaDungaOnMarch24, ShehnaazGill
Greece, Europe
Greece, Christianity
GC, GCDigital
GC, COVID19
GC, GCDigital
GC, COVID19
IslamadadZoo, COVID19
IslamadadZoo, Kaavan
Chinesevirus, WuhanVirus
GTA, rockstargames
LiarInChief, WhereisDrFauci
QuarantineLife, coronavirus
QuarantineLife, StateOfEmergency
pandemic, Bernie
XSpoilers, XForce
ADAPodcast, Coronavirus
ADAPodcast, Hitmaka
Tullamore, MothersDay
SonicMovie, DetectivePikachu
aiMSSP, aiSIEM
FMA, Covid_19
nowplaying, listenlive
SidNaaz, BhulaDunga
ZhaoLijian, China
COVID19, Mumbai
UROverComers, DifferenceMakers
OCCOVID19, COVID19
Jets, Panthers
Jets, Eagles
Jets, Saints
Jets, Dolphins
PritiPatel, Tories
b3d, gameart
quote, ThursdayThoughts
new, vintage
new, DomaineMarieUge
new, oaky
new, redwine
new, winelovers
new, winery
new, barrels
new, ZodiacSigns
花, Hana
花, アラフェス
花, 嵐
Coronable, coronapocalypse
CoronaVirus, Covid_19
CoronaVirus, PeHCHāāN
TB, Fashion
TB, OOTD
TB, Style
WakeUpAmerica, ChineseCoronaVirus
WakeUpAmerica, POTUS
Racist, COVID2019
Racist, ChineseVirus
Racist, WuhanCoronavirus
Racist, Hypocrite
Racist, FakeNewsSoyBoy
KallaSohnaNai, AsimRiaz
KallaSohnaNai, HimanshiKhurana
KallaSohnaNai, BiggBoss13
ad, SneakerScouts
shout_out, acs_leadership
shout_out, students
shout_out, faculty
shout_out, staff
India, Kashmir
MUFC, MatchRewind
COVID, Wuhan
COVID, China
mutualaid, Texas
mutualaid, covid19
KillThisLove, BestMusicVideo
KillThisLove, iHeartAwards
NBN, COVIDー19
governor, QuarentineLife
도영, DOYOUNG
SocialDistancing, StopCoronaTsunami
actress, actresslife
actress, actorslife
actress, actor
ShelterInPlace, Springcleaning
ShelterInPlace, essentialservices
covid, coronavirus
NHS, Covid_19
NHS, CoronaVirusUpdate
LabITup, PowerShell7
horror, QuarantineLife
COVID19, Africa
firstdayofspring, SocialDistancing
beatthevirus, community
beatthevirus, caring
Bybit, Cryptocurrency
Bangladesh, coronavirus
Bangladesh, COVID19
5YearsWithRMixtape, PersonaNo3GlobalAlbum
pandemic, Bernie
scienceexperiments, topochico
COVID19, NeighborsHelpingNeighbors
수호, SUHO
수호, 엑소
수호, EXO
OOTT, OilPriceWar
LandRover, RangeRover
CoffeeHut, CwtCoffi
CoffeeHut, Llangefni
CoronaVirusSA, Covid_19
CoronaVirusSA, CoronaVirusChallenge
SocialDistancingNow, NovelCoronavirus
BREAKING, Trump
Fairview, indian
Fairview, schools
emotional, worcestershirehour
WeBondedOver, MontyPython
WeBondedOver, ItsOnlyAFleshWound
수호, SUHO
수호, 엑소
수호, EXO
MRT2, SaveCDPA
signthecontract, Covid19SA
socialdistancing, trainbyyourself
FeastOfTheCross, victory
Chinese, Wuhan
Chinese, COVID_19
Chinese, Virus
Chinese, China
Chinese, Winny_the_Pooh
Chinese, Xi_JinPing
BhulaDungaOnMarch24, ShehnaazGill
COVID19, coronavirus
scam, police
WomensHistoryMonth, USSPACECOM
الصرخي_يغرد_ولايةالفقيه_ولايةالطاغوت, ولايه_الطاغوت_طايفيه_تطرف
ThatsABiggsFact, BiggsFact
EmergencyUBI, DementiaJoe
EmergencyUBI, M4A
inhuman, coronavirus
inhuman, nature
inhuman, CoronavirusOutbreakindia
BoyWithLuv, BestMusicVideo
BoyWithLuv, iHeartAwards
Colorado, weed
Colorado, covid19
FakeChristian, TraitorTrump
TN, MEMPHIS
COVID2019, COVID19
Cuba, PatriaGrande
Cuba, UnTuitZurdoPara
MothersDay, StayHomeChallenge
COVID19, SARSCoV2
HonestReview, KallaSohnaNai
80s, hockey
80s, nhl
Lions, Eagles
HiddenTrack, SuperJunior
HiddenTrack, Leeteuk
HiddenTrack, iKON
swamp, coronavirus
BhulaDungaOnMarch24, SidNaaz
BTS, 방탄소년단
BTS, MAP_OF_THE_SOUL_7
TheCoronavirus, coronavirus
TheCoronavirus, COVID19
TheCoronavirus, QuarentineLife
TheCoronavirus, ThursdayThoughts
NEWS, tRumps
NEWS, coronavirus
school, friends
school, colleagues
school, teammates
LittleFiresEverywhere, CertifiedFresh
LittleFiresEverywhere, Tomatometer
yacht, yachts
yacht, yachting
CoronavirusinSA, Covid19inSA
coronavirus, WebbyAwards
jantacurfew, COVID2019
수호, SUHO
수호, 엑소
수호, EXO
COVID2019india, JantaCurfew
Seokhoon, 우지
Seokhoon, 도겸
golf, youtube
golf, SPREADtheWORD
Zakharova, Venezuela
Zakharova, COVID19
CalacattaGold, marble
CalacattaGold, MarmolExportUSA
valparaiso, chile
valparaiso, streetphotography
valparaiso, graffiti
수호, SUHO
수호, 엑소
수호, EXO
수호, weareoneEXO
수호, 자화상
수호, Self_Portrait
수호, 사랑하자
수호, LetsLove
MusicBank, NCT127
MusicBank, KickIt
MusicBank, kpop
MusicBank, VICTON
MusicBank, Howling
MusicBank, kpop
JIMIN, 지민
JusticeForVerdant, NCAT
BreakingNews, coronavirus
insights, exhibitions
insights, VDMHomeStories
Iran, coronavirus
Iran, US
What2TalkAboutAtLunch, Panthers
What2TalkAboutAtLunch, BracketOfStuff
What2TalkAboutAtLunch, Ticker
thebandghost, papaemeritusiv
thebandghost, tobiasforge
thebandghost, cardinalcopia
Sanditon, SaveSanditon
Sanditon, SanditonPBS
NHS, Covid_19
NHS, CoronaVirusUpdate
javascript, ad
HOMEcoming, CertifiedFresh
HOMEcoming, Tomatometer
Miracles_Of_TrueWorship, JanataCurfew
COVID19, resist
tulips, frogspawn
tulips, pool
tulips, celandines
tulips, daffs
tulips, organicswimmingpool
Kigali, Coronavirus
COVID19, Selfisolate
FredBerry, WhatsHappening
بريطانيا_العظمي, Europe
sanjose, gardening
hydroxychloroquine, chloroquine
hydroxychloroquine, rheumatology
TomPerezResign, TomPerezShouldBeCharged
artists, SoundAffects
artists, cancer
VoteBlueToSaveAmerica, TraitorInChief
coronavirus, COVID19
golang, practices
lifesciences, COVID19
adoptmetrades, adoptmetrade
adoptmetrades, adoptme
adoptmetrades, adoptmegiveaways
Trump, FEMA
Trump, TrumpIsTheWORSTPresidentEVER
Trump, TrumpLiedPeopleDied
Trump, TrumpPandemic
제이홉, JHOPE
KAG2020, KAG2020LandslideVictory
NIGMS, PECASE
CoronaVirusChallenge, COVID19
CoronaVirusChallenge, coronavirus
remote, Careers
FakeNews, China
FakeNews, ChineseVirus
FakeNews, aka
FakeNews, WuhanVirus
Catalan, COVID19
Covid19, Government
KillThisLove, BestMusicVideo
KillThisLove, iHeartAwards
BestMusicVideo, BoyWithLuv
BestMusicVideo, iHeartAwards
MORHot10, ParangKailanLang
MORHot10, MaineMendoza
COVID19, resist
MigratoryBirdTreatyAct, DirtyDeputies
3FN, podcast
Costco, Summerlin
CoronaVirusUpdate, coronavirus
CoronaVirusUpdate, covid19
beautifulday, enjoythelittlethings
beautifulday, TBT
beautifulday, makeupartist
수호, SUHO
수호, 엑소
수호, EXO
제이홉, JHOPE
London, tube
bkdk, bakudeku
bkdk, quarentineau
IVEBEENQD, YOUVEBEENQD
IVEBEENQD, qanon
IVEBEENQD, q
IVEBEENQD, savethechildren
IVEBEENQD, weareq
IVEBEENQD, thegreatawakening
IVEBEENQD, wwg1wga
Coronavirus, COVID19tr
STD, SnowflakeandSafespace
STD, RIPDoctorWho
수호, SUHO
수호, 엑소
수호, EXO
수호, weareoneEXO
수호, 자화상
수호, Self_Portrait
수호, 사랑하자
수호, LetsLove
BTS, BoyWithLuv
BTS, BestMusicVideo
MUFC, MatchRewind
PPE, NHSstaff
PeopleVsPelosi, CaptureCongress
Shelter, Ocala
Shelter, MarionCounty
Xbox, PS3
Xbox, PS5
CoronavirusinSA, Covid19inSA
COVID19, PANDEMIC
covid19, Londoners
ThursdayAfternoon, ClimateAction
ThursdayAfternoon, Twitter
Istanbul, COVID19tr
수호, SUHO
수호, 엑소
수호, EXO
ChineseVirus, CCPVirus
수호, SUHO
수호, 엑소
수호, EXO
nowplaying, 6music
Somalia, Puntland
DuaxHwasaPhysical, HwasaGotPhysical
DeSantis, Florida
wik20online, Illustrator
COVID19, pandemic
springtime, Alsip
springtime, AlsipIL
WuhanOutbreak, Beijing
WuhanOutbreak, Qinghai
SelfIsolation, StaySafeStayHome
ToryLanez, ChrisBrown
MDZS, 魔道祖师
MDZS, MoDaoZuShi
OCCOVID19, COVID19
Judicious, JudiciousMOB
Judicious, OG
groceries, Mushroom
groceries, Jerky
youcouldntmakeitup, CoronaVirusUpdate
Canadians, Canada
embroiderywithhomeless, coronavirus
embroiderywithhomeless, embroidery
EliteNetlix, eliteseason3
EliteNetlix, EliteNetflix3
EliteNetlix, Elite
OCCOVID19, COVID19
coronavirus, COVIDー19
Dewmovie, ohmpawat
Dewmovie, bl
수호, SUHO
수호, 엑소
수호, EXO
COVID19, Nigerians
KallaSohnaNai, AsimRiaz
KallaSohnaNai, HimanshiKhurana
KallaSohnaNai, BiggBoss13
cemned, narged
COVID19, NYC
windows, WSL
WindrushScandal, HostileEnvironment
ATEEZ, WOOYOUNG
JohnnyDepp, AmberHeard
Modi, Nehru
수호, SUHO
수호, 엑소
수호, EXO
수호, weareoneEXO
수호, 자화상
수호, Self_Portrait
수호, 사랑하자
수호, LetsLove
AsiManshi, AsimRiaz
AsiManshi, HimanshiKhurana
AsiManshi, KallaSohnaNai
coronavirus, COVID19
ThrowbackThursday, DonKiss
coronavirus, pandemic
berlinbacktrack, berlinpride
InItTogether, COVID19
Tip, Contest
Tip, tips
Tip, win
Tip, DebtSucks
수호, SUHO
수호, 엑소
수호, EXO
dgm, dgrayman
dgm, lavibookman
dgm, tykimikk
dgm, allenwalker
dgm, dグレ
dgm, requests
KCA, VoteDoveCameron
PMModiOnCorona, CoronavirusOutbreakindia
Iran, CoronaVirus
CoronaVirusUpdate, coronavirus
Coronavirus, news
Coronavirus, UK
Coronavirus, Isolate
ThursdayThoughts, CoronaVirusUpdate
COVID19tr, coronavirus
Hypo, HypoGoWipeO
coronanews, update
coronanews, stopcoronavirus
coronanews, stopcorona
coronanews, stopcovid19
coronanews, stopthespread
coronanews, positivity
coronanews, positivevibes
SpringOutlook, flooding
PopxoDaily, ShehnaazGill
Bills, Chargers
AsiManshi, KallaSohnaNai
boxers, beautifulday
IndiaFightsCorona, COVID19
ITZY, VICTON
ITZY, NCT127
toiletrolls, coronavirusuk
pandemic, Bernie
PressBriefing, coronavirus
수호, SUHO
수호, 엑소
수호, EXO
Trump, FDA
AmericaFirst, WuFlu
Humanitarian, Bangladesh
COVID19, COVID
COVID19, COVID19colorado
COVID19, Colorado
COVID19, farmers
kagehina, Kageyama
kagehina, hinata
kagehina, hq
MVPSummit, MVP
MVPSummit, MVPBuzz
Bybit, Cryptocurrency
BTSARMY, BTSCarpool
NewRelease, PRINCE
NewRelease, WEDDING
NewRelease, Kinde
SidNaaz, BhulaDunga
SidNaaz, AsiManshi
CloTi, FF7R
newhome, homesforsale
ANA, Libya
KillThisLove, BestMusicVideo
KillThisLove, iHeartAwards
MBBFightForMonstaX7, 싸움은_안끝났어
TogetherWeCanDoIt, COVID19
Texas, Washington
vegas, coronavirus
vegas, tourism
AirlineBailout, SportsRelief2020
PSA, coronavirus
China, Italy
China, Spain
China, Iran
COVID19, COVID2019italia
COVID19, COVIDCanada
COVID19, coronapocolypse
COVID19, coronavirus
gigeconomy, dontforgetthefreelancers
Mercury, Comet
Mercury, Cyclone
Mercury, Sportster
coronavirusoutbreak, coronavirus
coronavirus, COVID19
DIAFA, DIAFA2020
DIAFA, diafaofficial
DIAFA, CanYaman
ai, data
ai, technology
KDPPE, PERTHsDay19th
Lento, NADA
KillThisLove, BestMusicVideo
KillThisLove, iHeartAwards
coronavirus, business
StaySafeStayHome, FlattenTheCurve
listing, Springfield
listing, OH
listing, realestate
RVCyberPride, ELearningKickoff
PritiPatel, Tories
ZhaoLijian, China
lychees, Chinese
LockdownLondon, CoronaVirusUpdate
수호, SUHO
수호, 엑소
수호, EXO
Relotius, SPD
oilandgas, oceans
KillThisLove, BestMusicVideo
KillThisLove, iHeartAwards
WTF, hypocritical
WTF, Democrat
WTF, delusional
WTF, potus
watercolour, Odisha
watercolour, village
watercolour, painting
watercolour, aquarelle
watercolour, art
watercolour, angul
BREAKING, SupremeCourt
Vikings, Bills
karma4GOP, coronavirus
karma4GOP, COVID19
KungFlu, KungFlu
QuintaLucifansSDV, Casamentoascegas
QuintaLucifansSDV, Netflix
Heswall, Wirral
Heswall, Food
Heswall, Foodathome
Heswall, bread
Coronavirus, Isolate
beehive, crumlin
uklockdown, StaySafeStayHome
uklockdown, ILoveNurses
BREAKING, Kushner
BREAKING, Trump
BREAKING, coronavirus
NCT127, NeoZone
NCT127, 영웅
NCT127, 英雄
NCT127, KickIt
NCT127, NCT127_영웅_英雄
คั่นกูEP4, 2getherTheSeries
Eagles, AGREE
Eagles, DISAGREE
Eagles, DariusSlay
Eagles, NFL
Eagles, FlyEaglesFly
KillThisLove, BestMusicVideo
food, COVID19
CoTF20, FlywayFamily
FakeNews, FakeNewsCNN
80s, 80smusic
coronavirus, COVID19
coronavirus, mergersandacquisitions
CoronaVirusUpdate, COVID19
CoronaVirusUpdate, StaySafeStayHome
BERNIE2020, Biden2020
ScottyFromMarketing, COVID2019AU
LoanChargeDebate, LoanCharge
Vancomycin, PKPD
sexeducation2, sexeducation
Qanon, WeAreTheNewsNow
FreeAssangeNOW, covid19UK
BhulaDungaOnMarch24, SidNaaz
5YearsWithRMixtape, 3YearsOfChange
Entrepreneurs, SmallBiz
overtakes, Iceman
overtakes, f1
